---------------------------------------------------------------------
{'username': 'root', 'pid': 1, 'name': 'systemd', 'status': 'sleeping', 'cpu_percent': 0.0, 'memory_percent': 0.13509615468809924}
---------------------------------------------------------------------
---------------------------------------------------------------------
{'username': 'root', 'pid': 2, 'name': 'kthreadd', 'status': 'sleeping', 'cpu_percent': 0.0, 'memory_percent': 0.0}
---------------------------------------------------------------------
---------------------------------------------------------------------
{'username': 'root', 'pid': 3, 'name': 'pool_workqueue_release', 'status': 'sleeping', 'cpu_percent': 0.0, 'memory_percent': 0.0}
---------------------------------------------------------------------
---------------------------------------------------------------------
{'username': 'root', 'pid': 4, 'name': 'kworker/R-rcu_gp', 'status': 'idle', 'cpu_percent': 0.0, 'memory_percent': 0.0}
---------------------------------------------------------------------
---------------------------------------------------------------------
{'username': 'root', 'pid': 5, 'name': 'kworker/R-sync_wq', 'status': 'idle', 'cpu_percent': 0.0, 'memory_percent': 0.0}
---------------------------------------------------------------------
---------------------------------------------------------------------
{'username': 'root', 'pid': 6, 'name': 'kworker/R-kvfree_rcu_reclaim', 'status': 'idle', 'cpu_percent': 0.0, 'memory_percent': 0.0}
---------------------------------------------------------------------
---------------------------------------------------------------------
{'username': 'root', 'pid': 7, 'name': 'kworker/R-slub_flushwq', 'status': 'idle', 'cpu_percent': 0.0, 'memory_percent': 0.0}
---------------------------------------------------------------------
---------------------------------------------------------------------
{'username': 'root', 'pid': 8, 'name': 'kworker/R-netns', 'status': 'idle', 'cpu_percent': 0.0, 'memory_percent': 0.0}
---------------------------------------------------------------------
---------------------------------------------------------------------
{'username': 'root', 'pid': 10, 'name': 'kworker/0:0H-kblockd', 'status': 'idle', 'cpu_percent': 0.0, 'memory_percent': 0.0}
---------------------------------------------------------------------
---------------------------------------------------------------------
{'username': 'root', 'pid': 13, 'name': 'kworker/R-mm_percpu_wq', 'status': 'idle', 'cpu_percent': 0.0, 'memory_percent': 0.0}
---------------------------------------------------------------------
---------------------------------------------------------------------
{'username': 'root', 'pid': 15, 'name': 'ksoftirqd/0', 'status': 'sleeping', 'cpu_percent': 0.0, 'memory_percent': 0.0}
---------------------------------------------------------------------
---------------------------------------------------------------------
{'username': 'root', 'pid': 16, 'name': 'rcu_preempt', 'status': 'idle', 'cpu_percent': 0.0, 'memory_percent': 0.0}
---------------------------------------------------------------------
---------------------------------------------------------------------
{'username': 'root', 'pid': 17, 'name': 'rcu_exp_par_gp_kthread_worker/0', 'status': 'sleeping', 'cpu_percent': 0.0, 'memory_percent': 0.0}
---------------------------------------------------------------------
---------------------------------------------------------------------
{'username': 'root', 'pid': 18, 'name': 'rcu_exp_gp_kthread_worker', 'status': 'sleeping', 'cpu_percent': 0.0, 'memory_percent': 0.0}
---------------------------------------------------------------------
---------------------------------------------------------------------
{'username': 'root', 'pid': 19, 'name': 'migration/0', 'status': 'sleeping', 'cpu_percent': 0.0, 'memory_percent': 0.0}
---------------------------------------------------------------------
---------------------------------------------------------------------
{'username': 'root', 'pid': 20, 'name': 'kprobe-optimizer', 'status': 'sleeping', 'cpu_percent': 0.0, 'memory_percent': 0.0}
---------------------------------------------------------------------
---------------------------------------------------------------------
{'username': 'root', 'pid': 21, 'name': 'idle_inject/0', 'status': 'sleeping', 'cpu_percent': 0.0, 'memory_percent': 0.0}
---------------------------------------------------------------------
---------------------------------------------------------------------
{'username': 'root', 'pid': 22, 'name': 'cpuhp/0', 'status': 'sleeping', 'cpu_percent': 0.0, 'memory_percent': 0.0}
---------------------------------------------------------------------
---------------------------------------------------------------------
{'username': 'root', 'pid': 23, 'name': 'cpuhp/2', 'status': 'sleeping', 'cpu_percent': 0.0, 'memory_percent': 0.0}
---------------------------------------------------------------------
---------------------------------------------------------------------
{'username': 'root', 'pid': 24, 'name': 'idle_inject/2', 'status': 'sleeping', 'cpu_percent': 0.0, 'memory_percent': 0.0}
---------------------------------------------------------------------
---------------------------------------------------------------------
{'username': 'root', 'pid': 25, 'name': 'migration/2', 'status': 'sleeping', 'cpu_percent': 0.0, 'memory_percent': 0.0}
---------------------------------------------------------------------
---------------------------------------------------------------------
{'username': 'root', 'pid': 26, 'name': 'ksoftirqd/2', 'status': 'sleeping', 'cpu_percent': 0.0, 'memory_percent': 0.0}
---------------------------------------------------------------------
---------------------------------------------------------------------
{'username': 'root', 'pid': 28, 'name': 'kworker/2:0H-i915_cleanup', 'status': 'idle', 'cpu_percent': 0.0, 'memory_percent': 0.0}
---------------------------------------------------------------------
---------------------------------------------------------------------
{'username': 'root', 'pid': 29, 'name': 'cpuhp/4', 'status': 'sleeping', 'cpu_percent': 0.0, 'memory_percent': 0.0}
---------------------------------------------------------------------
---------------------------------------------------------------------
{'username': 'root', 'pid': 30, 'name': 'idle_inject/4', 'status': 'sleeping', 'cpu_percent': 0.0, 'memory_percent': 0.0}
---------------------------------------------------------------------
---------------------------------------------------------------------
{'username': 'root', 'pid': 31, 'name': 'migration/4', 'status': 'sleeping', 'cpu_percent': 0.0, 'memory_percent': 0.0}
---------------------------------------------------------------------
---------------------------------------------------------------------
{'username': 'root', 'pid': 32, 'name': 'ksoftirqd/4', 'status': 'sleeping', 'cpu_percent': 0.0, 'memory_percent': 0.0}
---------------------------------------------------------------------
---------------------------------------------------------------------
{'username': 'root', 'pid': 35, 'name': 'cpuhp/6', 'status': 'sleeping', 'cpu_percent': 0.0, 'memory_percent': 0.0}
---------------------------------------------------------------------
---------------------------------------------------------------------
{'username': 'root', 'pid': 36, 'name': 'idle_inject/6', 'status': 'sleeping', 'cpu_percent': 0.0, 'memory_percent': 0.0}
---------------------------------------------------------------------
---------------------------------------------------------------------
{'username': 'root', 'pid': 37, 'name': 'migration/6', 'status': 'sleeping', 'cpu_percent': 0.0, 'memory_percent': 0.0}
---------------------------------------------------------------------
---------------------------------------------------------------------
{'username': 'root', 'pid': 38, 'name': 'ksoftirqd/6', 'status': 'sleeping', 'cpu_percent': 0.0, 'memory_percent': 0.0}
---------------------------------------------------------------------
---------------------------------------------------------------------
{'username': 'root', 'pid': 40, 'name': 'kworker/6:0H-kblockd', 'status': 'idle', 'cpu_percent': 0.0, 'memory_percent': 0.0}
---------------------------------------------------------------------
---------------------------------------------------------------------
{'username': 'root', 'pid': 41, 'name': 'cpuhp/8', 'status': 'sleeping', 'cpu_percent': 0.0, 'memory_percent': 0.0}
---------------------------------------------------------------------
---------------------------------------------------------------------
{'username': 'root', 'pid': 42, 'name': 'idle_inject/8', 'status': 'sleeping', 'cpu_percent': 0.0, 'memory_percent': 0.0}
---------------------------------------------------------------------
---------------------------------------------------------------------
{'username': 'root', 'pid': 43, 'name': 'migration/8', 'status': 'sleeping', 'cpu_percent': 0.0, 'memory_percent': 0.0}
---------------------------------------------------------------------
---------------------------------------------------------------------
{'username': 'root', 'pid': 44, 'name': 'ksoftirqd/8', 'status': 'sleeping', 'cpu_percent': 0.0, 'memory_percent': 0.0}
---------------------------------------------------------------------
---------------------------------------------------------------------
{'username': 'root', 'pid': 46, 'name': 'kworker/8:0H-kblockd', 'status': 'idle', 'cpu_percent': 0.0, 'memory_percent': 0.0}
---------------------------------------------------------------------
---------------------------------------------------------------------
{'username': 'root', 'pid': 47, 'name': 'cpuhp/9', 'status': 'sleeping', 'cpu_percent': 0.0, 'memory_percent': 0.0}
---------------------------------------------------------------------
---------------------------------------------------------------------
{'username': 'root', 'pid': 48, 'name': 'idle_inject/9', 'status': 'sleeping', 'cpu_percent': 0.0, 'memory_percent': 0.0}
---------------------------------------------------------------------
---------------------------------------------------------------------
{'username': 'root', 'pid': 49, 'name': 'migration/9', 'status': 'sleeping', 'cpu_percent': 0.0, 'memory_percent': 0.0}
---------------------------------------------------------------------
---------------------------------------------------------------------
{'username': 'root', 'pid': 50, 'name': 'ksoftirqd/9', 'status': 'sleeping', 'cpu_percent': 0.0, 'memory_percent': 0.0}
---------------------------------------------------------------------
---------------------------------------------------------------------
{'username': 'root', 'pid': 52, 'name': 'kworker/9:0H-kblockd', 'status': 'idle', 'cpu_percent': 0.0, 'memory_percent': 0.0}
---------------------------------------------------------------------
---------------------------------------------------------------------
{'username': 'root', 'pid': 53, 'name': 'cpuhp/10', 'status': 'sleeping', 'cpu_percent': 0.0, 'memory_percent': 0.0}
---------------------------------------------------------------------
---------------------------------------------------------------------
{'username': 'root', 'pid': 54, 'name': 'idle_inject/10', 'status': 'sleeping', 'cpu_percent': 0.0, 'memory_percent': 0.0}
---------------------------------------------------------------------
---------------------------------------------------------------------
{'username': 'root', 'pid': 55, 'name': 'migration/10', 'status': 'sleeping', 'cpu_percent': 0.0, 'memory_percent': 0.0}
---------------------------------------------------------------------
---------------------------------------------------------------------
{'username': 'root', 'pid': 56, 'name': 'ksoftirqd/10', 'status': 'sleeping', 'cpu_percent': 0.0, 'memory_percent': 0.0}
---------------------------------------------------------------------
---------------------------------------------------------------------
{'username': 'root', 'pid': 58, 'name': 'kworker/10:0H-kblockd', 'status': 'idle', 'cpu_percent': 0.0, 'memory_percent': 0.0}
---------------------------------------------------------------------
---------------------------------------------------------------------
{'username': 'root', 'pid': 59, 'name': 'cpuhp/11', 'status': 'sleeping', 'cpu_percent': 0.0, 'memory_percent': 0.0}
---------------------------------------------------------------------
---------------------------------------------------------------------
{'username': 'root', 'pid': 60, 'name': 'idle_inject/11', 'status': 'sleeping', 'cpu_percent': 0.0, 'memory_percent': 0.0}
---------------------------------------------------------------------
---------------------------------------------------------------------
{'username': 'root', 'pid': 61, 'name': 'migration/11', 'status': 'sleeping', 'cpu_percent': 0.0, 'memory_percent': 0.0}
---------------------------------------------------------------------
---------------------------------------------------------------------
{'username': 'root', 'pid': 62, 'name': 'ksoftirqd/11', 'status': 'sleeping', 'cpu_percent': 0.0, 'memory_percent': 0.0}
---------------------------------------------------------------------
---------------------------------------------------------------------
{'username': 'root', 'pid': 64, 'name': 'kworker/11:0H-kblockd', 'status': 'idle', 'cpu_percent': 0.0, 'memory_percent': 0.0}
---------------------------------------------------------------------
---------------------------------------------------------------------
{'username': 'root', 'pid': 65, 'name': 'cpuhp/1', 'status': 'sleeping', 'cpu_percent': 0.0, 'memory_percent': 0.0}
---------------------------------------------------------------------
---------------------------------------------------------------------
{'username': 'root', 'pid': 66, 'name': 'idle_inject/1', 'status': 'sleeping', 'cpu_percent': 0.0, 'memory_percent': 0.0}
---------------------------------------------------------------------
---------------------------------------------------------------------
{'username': 'root', 'pid': 67, 'name': 'migration/1', 'status': 'sleeping', 'cpu_percent': 0.0, 'memory_percent': 0.0}
---------------------------------------------------------------------
---------------------------------------------------------------------
{'username': 'root', 'pid': 68, 'name': 'ksoftirqd/1', 'status': 'sleeping', 'cpu_percent': 0.0, 'memory_percent': 0.0}
---------------------------------------------------------------------
---------------------------------------------------------------------
{'username': 'root', 'pid': 70, 'name': 'kworker/1:0H-kblockd', 'status': 'idle', 'cpu_percent': 0.0, 'memory_percent': 0.0}
---------------------------------------------------------------------
---------------------------------------------------------------------
{'username': 'root', 'pid': 71, 'name': 'cpuhp/3', 'status': 'sleeping', 'cpu_percent': 0.0, 'memory_percent': 0.0}
---------------------------------------------------------------------
---------------------------------------------------------------------
{'username': 'root', 'pid': 72, 'name': 'idle_inject/3', 'status': 'sleeping', 'cpu_percent': 0.0, 'memory_percent': 0.0}
---------------------------------------------------------------------
---------------------------------------------------------------------
{'username': 'root', 'pid': 73, 'name': 'migration/3', 'status': 'sleeping', 'cpu_percent': 0.0, 'memory_percent': 0.0}
---------------------------------------------------------------------
---------------------------------------------------------------------
{'username': 'root', 'pid': 74, 'name': 'ksoftirqd/3', 'status': 'sleeping', 'cpu_percent': 0.0, 'memory_percent': 0.0}
---------------------------------------------------------------------
---------------------------------------------------------------------
{'username': 'root', 'pid': 76, 'name': 'kworker/3:0H-kblockd', 'status': 'idle', 'cpu_percent': 0.0, 'memory_percent': 0.0}
---------------------------------------------------------------------
---------------------------------------------------------------------
{'username': 'root', 'pid': 77, 'name': 'cpuhp/5', 'status': 'sleeping', 'cpu_percent': 0.0, 'memory_percent': 0.0}
---------------------------------------------------------------------
---------------------------------------------------------------------
{'username': 'root', 'pid': 78, 'name': 'idle_inject/5', 'status': 'sleeping', 'cpu_percent': 0.0, 'memory_percent': 0.0}
---------------------------------------------------------------------
---------------------------------------------------------------------
{'username': 'root', 'pid': 79, 'name': 'migration/5', 'status': 'sleeping', 'cpu_percent': 0.0, 'memory_percent': 0.0}
---------------------------------------------------------------------
---------------------------------------------------------------------
{'username': 'root', 'pid': 80, 'name': 'ksoftirqd/5', 'status': 'sleeping', 'cpu_percent': 0.0, 'memory_percent': 0.0}
---------------------------------------------------------------------
---------------------------------------------------------------------
{'username': 'root', 'pid': 82, 'name': 'kworker/5:0H-kblockd', 'status': 'idle', 'cpu_percent': 0.0, 'memory_percent': 0.0}
---------------------------------------------------------------------
---------------------------------------------------------------------
{'username': 'root', 'pid': 83, 'name': 'cpuhp/7', 'status': 'sleeping', 'cpu_percent': 0.0, 'memory_percent': 0.0}
---------------------------------------------------------------------
---------------------------------------------------------------------
{'username': 'root', 'pid': 84, 'name': 'idle_inject/7', 'status': 'sleeping', 'cpu_percent': 0.0, 'memory_percent': 0.0}
---------------------------------------------------------------------
---------------------------------------------------------------------
{'username': 'root', 'pid': 85, 'name': 'migration/7', 'status': 'sleeping', 'cpu_percent': 0.0, 'memory_percent': 0.0}
---------------------------------------------------------------------
---------------------------------------------------------------------
{'username': 'root', 'pid': 86, 'name': 'ksoftirqd/7', 'status': 'sleeping', 'cpu_percent': 0.0, 'memory_percent': 0.0}
---------------------------------------------------------------------
---------------------------------------------------------------------
{'username': 'root', 'pid': 88, 'name': 'kworker/7:0H-kblockd', 'status': 'idle', 'cpu_percent': 0.0, 'memory_percent': 0.0}
---------------------------------------------------------------------
---------------------------------------------------------------------
{'username': 'root', 'pid': 89, 'name': 'kdevtmpfs', 'status': 'sleeping', 'cpu_percent': 0.0, 'memory_percent': 0.0}
---------------------------------------------------------------------
---------------------------------------------------------------------
{'username': 'root', 'pid': 90, 'name': 'kworker/R-inet_frag_wq', 'status': 'idle', 'cpu_percent': 0.0, 'memory_percent': 0.0}
---------------------------------------------------------------------
---------------------------------------------------------------------
{'username': 'root', 'pid': 91, 'name': 'rcu_tasks_kthread', 'status': 'idle', 'cpu_percent': 0.0, 'memory_percent': 0.0}
---------------------------------------------------------------------
---------------------------------------------------------------------
{'username': 'root', 'pid': 92, 'name': 'rcu_tasks_rude_kthread', 'status': 'idle', 'cpu_percent': 0.0, 'memory_percent': 0.0}
---------------------------------------------------------------------
---------------------------------------------------------------------
{'username': 'root', 'pid': 93, 'name': 'kauditd', 'status': 'sleeping', 'cpu_percent': 0.0, 'memory_percent': 0.0}
---------------------------------------------------------------------
---------------------------------------------------------------------
{'username': 'root', 'pid': 94, 'name': 'oom_reaper', 'status': 'sleeping', 'cpu_percent': 0.0, 'memory_percent': 0.0}
---------------------------------------------------------------------
---------------------------------------------------------------------
{'username': 'root', 'pid': 96, 'name': 'kworker/R-writeback', 'status': 'idle', 'cpu_percent': 0.0, 'memory_percent': 0.0}
---------------------------------------------------------------------
---------------------------------------------------------------------
{'username': 'root', 'pid': 97, 'name': 'kcompactd0', 'status': 'sleeping', 'cpu_percent': 0.0, 'memory_percent': 0.0}
---------------------------------------------------------------------
---------------------------------------------------------------------
{'username': 'root', 'pid': 99, 'name': 'ksmd', 'status': 'sleeping', 'cpu_percent': 0.0, 'memory_percent': 0.0}
---------------------------------------------------------------------
---------------------------------------------------------------------
{'username': 'root', 'pid': 100, 'name': 'khugepaged', 'status': 'sleeping', 'cpu_percent': 0.0, 'memory_percent': 0.0}
---------------------------------------------------------------------
---------------------------------------------------------------------
{'username': 'root', 'pid': 101, 'name': 'kworker/R-kblockd', 'status': 'idle', 'cpu_percent': 0.0, 'memory_percent': 0.0}
---------------------------------------------------------------------
---------------------------------------------------------------------
{'username': 'root', 'pid': 102, 'name': 'kworker/R-blkcg_punt_bio', 'status': 'idle', 'cpu_percent': 0.0, 'memory_percent': 0.0}
---------------------------------------------------------------------
---------------------------------------------------------------------
{'username': 'root', 'pid': 103, 'name': 'kworker/R-kintegrityd', 'status': 'idle', 'cpu_percent': 0.0, 'memory_percent': 0.0}
---------------------------------------------------------------------
---------------------------------------------------------------------
{'username': 'root', 'pid': 105, 'name': 'irq/9-acpi', 'status': 'sleeping', 'cpu_percent': 0.0, 'memory_percent': 0.0}
---------------------------------------------------------------------
---------------------------------------------------------------------
{'username': 'root', 'pid': 108, 'name': 'kworker/R-tpm_dev_wq', 'status': 'idle', 'cpu_percent': 0.0, 'memory_percent': 0.0}
---------------------------------------------------------------------
---------------------------------------------------------------------
{'username': 'root', 'pid': 109, 'name': 'kworker/R-ata_sff', 'status': 'idle', 'cpu_percent': 0.0, 'memory_percent': 0.0}
---------------------------------------------------------------------
---------------------------------------------------------------------
{'username': 'root', 'pid': 110, 'name': 'kworker/R-md_bitmap', 'status': 'idle', 'cpu_percent': 0.0, 'memory_percent': 0.0}
---------------------------------------------------------------------
---------------------------------------------------------------------
{'username': 'root', 'pid': 111, 'name': 'kworker/R-edac-poller', 'status': 'idle', 'cpu_percent': 0.0, 'memory_percent': 0.0}
---------------------------------------------------------------------
---------------------------------------------------------------------
{'username': 'root', 'pid': 112, 'name': 'kworker/R-devfreq_wq', 'status': 'idle', 'cpu_percent': 0.0, 'memory_percent': 0.0}
---------------------------------------------------------------------
---------------------------------------------------------------------
{'username': 'root', 'pid': 113, 'name': 'watchdogd', 'status': 'sleeping', 'cpu_percent': 0.0, 'memory_percent': 0.0}
---------------------------------------------------------------------
---------------------------------------------------------------------
{'username': 'root', 'pid': 114, 'name': 'kworker/9:1-mm_percpu_wq', 'status': 'idle', 'cpu_percent': 0.0, 'memory_percent': 0.0}
---------------------------------------------------------------------
---------------------------------------------------------------------
{'username': 'root', 'pid': 115, 'name': 'kworker/R-quota_events_unbound', 'status': 'idle', 'cpu_percent': 0.0, 'memory_percent': 0.0}
---------------------------------------------------------------------
---------------------------------------------------------------------
{'username': 'root', 'pid': 118, 'name': 'kswapd0', 'status': 'sleeping', 'cpu_percent': 0.0, 'memory_percent': 0.0}
---------------------------------------------------------------------
---------------------------------------------------------------------
{'username': 'root', 'pid': 119, 'name': 'kworker/R-cryptd', 'status': 'idle', 'cpu_percent': 0.0, 'memory_percent': 0.0}
---------------------------------------------------------------------
---------------------------------------------------------------------
{'username': 'root', 'pid': 121, 'name': 'kworker/R-kthrotld', 'status': 'idle', 'cpu_percent': 0.0, 'memory_percent': 0.0}
---------------------------------------------------------------------
---------------------------------------------------------------------
{'username': 'root', 'pid': 122, 'name': 'kworker/R-acpi_thermal_pm', 'status': 'idle', 'cpu_percent': 0.0, 'memory_percent': 0.0}
---------------------------------------------------------------------
---------------------------------------------------------------------
{'username': 'root', 'pid': 124, 'name': 'hwrng', 'status': 'sleeping', 'cpu_percent': 0.0, 'memory_percent': 0.0}
---------------------------------------------------------------------
---------------------------------------------------------------------
{'username': 'root', 'pid': 127, 'name': 'kworker/R-hfi-updates', 'status': 'idle', 'cpu_percent': 0.0, 'memory_percent': 0.0}
---------------------------------------------------------------------
---------------------------------------------------------------------
{'username': 'root', 'pid': 128, 'name': 'kworker/R-dm_bufio_cache', 'status': 'idle', 'cpu_percent': 0.0, 'memory_percent': 0.0}
---------------------------------------------------------------------
---------------------------------------------------------------------
{'username': 'root', 'pid': 129, 'name': 'kworker/R-mld', 'status': 'idle', 'cpu_percent': 0.0, 'memory_percent': 0.0}
---------------------------------------------------------------------
---------------------------------------------------------------------
{'username': 'root', 'pid': 130, 'name': 'kworker/R-ipv6_addrconf', 'status': 'idle', 'cpu_percent': 0.0, 'memory_percent': 0.0}
---------------------------------------------------------------------
---------------------------------------------------------------------
{'username': 'root', 'pid': 131, 'name': 'kworker/R-kstrp', 'status': 'idle', 'cpu_percent': 0.0, 'memory_percent': 0.0}
---------------------------------------------------------------------
---------------------------------------------------------------------
{'username': 'root', 'pid': 132, 'name': 'kworker/2:1-mm_percpu_wq', 'status': 'idle', 'cpu_percent': 0.0, 'memory_percent': 0.0}
---------------------------------------------------------------------
---------------------------------------------------------------------
{'username': 'root', 'pid': 422, 'name': 'kworker/11:2-mm_percpu_wq', 'status': 'idle', 'cpu_percent': 0.0, 'memory_percent': 0.0}
---------------------------------------------------------------------
---------------------------------------------------------------------
{'username': 'root', 'pid': 427, 'name': 'irq/140-ELAN0788:00', 'status': 'sleeping', 'cpu_percent': 0.0, 'memory_percent': 0.0}
---------------------------------------------------------------------
---------------------------------------------------------------------
{'username': 'root', 'pid': 436, 'name': 'kworker/R-nvme-wq', 'status': 'idle', 'cpu_percent': 0.0, 'memory_percent': 0.0}
---------------------------------------------------------------------
---------------------------------------------------------------------
{'username': 'root', 'pid': 437, 'name': 'kworker/R-nvme-reset-wq', 'status': 'idle', 'cpu_percent': 0.0, 'memory_percent': 0.0}
---------------------------------------------------------------------
---------------------------------------------------------------------
{'username': 'root', 'pid': 438, 'name': 'kworker/R-nvme-delete-wq', 'status': 'idle', 'cpu_percent': 0.0, 'memory_percent': 0.0}
---------------------------------------------------------------------
---------------------------------------------------------------------
{'username': 'root', 'pid': 439, 'name': 'kworker/R-nvme-auth-wq', 'status': 'idle', 'cpu_percent': 0.0, 'memory_percent': 0.0}
---------------------------------------------------------------------
---------------------------------------------------------------------
{'username': 'root', 'pid': 443, 'name': 'kworker/8:1H-i915_cleanup', 'status': 'idle', 'cpu_percent': 0.0, 'memory_percent': 0.0}
---------------------------------------------------------------------
---------------------------------------------------------------------
{'username': 'root', 'pid': 446, 'name': 'kworker/R-ttm', 'status': 'idle', 'cpu_percent': 0.0, 'memory_percent': 0.0}
---------------------------------------------------------------------
---------------------------------------------------------------------
{'username': 'root', 'pid': 447, 'name': 'card1-crtc0', 'status': 'sleeping', 'cpu_percent': 0.0, 'memory_percent': 0.0}
---------------------------------------------------------------------
---------------------------------------------------------------------
{'username': 'root', 'pid': 448, 'name': 'card1-crtc1', 'status': 'sleeping', 'cpu_percent': 0.0, 'memory_percent': 0.0}
---------------------------------------------------------------------
---------------------------------------------------------------------
{'username': 'root', 'pid': 449, 'name': 'card1-crtc2', 'status': 'sleeping', 'cpu_percent': 0.0, 'memory_percent': 0.0}
---------------------------------------------------------------------
---------------------------------------------------------------------
{'username': 'root', 'pid': 450, 'name': 'card1-crtc3', 'status': 'sleeping', 'cpu_percent': 0.0, 'memory_percent': 0.0}
---------------------------------------------------------------------
---------------------------------------------------------------------
{'username': 'root', 'pid': 453, 'name': 'kworker/R-USBC000:00-con1', 'status': 'idle', 'cpu_percent': 0.0, 'memory_percent': 0.0}
---------------------------------------------------------------------
---------------------------------------------------------------------
{'username': 'root', 'pid': 454, 'name': 'kworker/4:1H-i915_cleanup', 'status': 'idle', 'cpu_percent': 0.0, 'memory_percent': 0.0}
---------------------------------------------------------------------
---------------------------------------------------------------------
{'username': 'root', 'pid': 467, 'name': 'kworker/R-btrfs-worker', 'status': 'idle', 'cpu_percent': 0.0, 'memory_percent': 0.0}
---------------------------------------------------------------------
---------------------------------------------------------------------
{'username': 'root', 'pid': 468, 'name': 'kworker/R-btrfs-delalloc', 'status': 'idle', 'cpu_percent': 0.0, 'memory_percent': 0.0}
---------------------------------------------------------------------
---------------------------------------------------------------------
{'username': 'root', 'pid': 469, 'name': 'kworker/R-btrfs-flush_delalloc', 'status': 'idle', 'cpu_percent': 0.0, 'memory_percent': 0.0}
---------------------------------------------------------------------
---------------------------------------------------------------------
{'username': 'root', 'pid': 470, 'name': 'kworker/R-btrfs-cache', 'status': 'idle', 'cpu_percent': 0.0, 'memory_percent': 0.0}
---------------------------------------------------------------------
---------------------------------------------------------------------
{'username': 'root', 'pid': 471, 'name': 'kworker/R-btrfs-fixup', 'status': 'idle', 'cpu_percent': 0.0, 'memory_percent': 0.0}
---------------------------------------------------------------------
---------------------------------------------------------------------
{'username': 'root', 'pid': 472, 'name': 'kworker/R-btrfs-endio', 'status': 'idle', 'cpu_percent': 0.0, 'memory_percent': 0.0}
---------------------------------------------------------------------
---------------------------------------------------------------------
{'username': 'root', 'pid': 473, 'name': 'kworker/R-btrfs-endio-meta', 'status': 'idle', 'cpu_percent': 0.0, 'memory_percent': 0.0}
---------------------------------------------------------------------
---------------------------------------------------------------------
{'username': 'root', 'pid': 474, 'name': 'kworker/R-btrfs-rmw', 'status': 'idle', 'cpu_percent': 0.0, 'memory_percent': 0.0}
---------------------------------------------------------------------
---------------------------------------------------------------------
{'username': 'root', 'pid': 475, 'name': 'kworker/R-btrfs-endio-write', 'status': 'idle', 'cpu_percent': 0.0, 'memory_percent': 0.0}
---------------------------------------------------------------------
---------------------------------------------------------------------
{'username': 'root', 'pid': 476, 'name': 'kworker/R-btrfs-freespace-write', 'status': 'idle', 'cpu_percent': 0.0, 'memory_percent': 0.0}
---------------------------------------------------------------------
---------------------------------------------------------------------
{'username': 'root', 'pid': 477, 'name': 'kworker/R-btrfs-delayed-meta', 'status': 'idle', 'cpu_percent': 0.0, 'memory_percent': 0.0}
---------------------------------------------------------------------
---------------------------------------------------------------------
{'username': 'root', 'pid': 478, 'name': 'kworker/R-btrfs-qgroup-rescan', 'status': 'idle', 'cpu_percent': 0.0, 'memory_percent': 0.0}
---------------------------------------------------------------------
---------------------------------------------------------------------
{'username': 'root', 'pid': 479, 'name': 'btrfs-cleaner', 'status': 'sleeping', 'cpu_percent': 0.0, 'memory_percent': 0.0}
---------------------------------------------------------------------
---------------------------------------------------------------------
{'username': 'root', 'pid': 480, 'name': 'btrfs-transaction', 'status': 'sleeping', 'cpu_percent': 0.0, 'memory_percent': 0.0}
---------------------------------------------------------------------
---------------------------------------------------------------------
{'username': 'root', 'pid': 513, 'name': 'kworker/2:1H-kblockd', 'status': 'idle', 'cpu_percent': 0.0, 'memory_percent': 0.0}
---------------------------------------------------------------------
---------------------------------------------------------------------
{'username': 'root', 'pid': 524, 'name': 'kworker/11:1H-i915_cleanup', 'status': 'idle', 'cpu_percent': 0.0, 'memory_percent': 0.0}
---------------------------------------------------------------------
---------------------------------------------------------------------
{'username': 'root', 'pid': 525, 'name': 'kworker/10:1H-kblockd', 'status': 'idle', 'cpu_percent': 0.0, 'memory_percent': 0.0}
---------------------------------------------------------------------
---------------------------------------------------------------------
{'username': 'root', 'pid': 526, 'name': 'kworker/6:1H-i915_cleanup', 'status': 'idle', 'cpu_percent': 0.0, 'memory_percent': 0.0}
---------------------------------------------------------------------
---------------------------------------------------------------------
{'username': 'root', 'pid': 527, 'name': 'kworker/0:1H-kblockd', 'status': 'idle', 'cpu_percent': 0.0, 'memory_percent': 0.0}
---------------------------------------------------------------------
---------------------------------------------------------------------
{'username': 'root', 'pid': 530, 'name': 'kworker/9:1H-i915_cleanup', 'status': 'idle', 'cpu_percent': 0.0, 'memory_percent': 0.0}
---------------------------------------------------------------------
---------------------------------------------------------------------
{'username': 'root', 'pid': 544, 'name': 'kworker/3:1H-kblockd', 'status': 'idle', 'cpu_percent': 0.0, 'memory_percent': 0.0}
---------------------------------------------------------------------
---------------------------------------------------------------------
{'username': 'root', 'pid': 555, 'name': 'kworker/7:1H-kblockd', 'status': 'idle', 'cpu_percent': 0.0, 'memory_percent': 0.0}
---------------------------------------------------------------------
---------------------------------------------------------------------
{'username': 'root', 'pid': 558, 'name': 'kworker/5:1H-kblockd', 'status': 'idle', 'cpu_percent': 0.0, 'memory_percent': 0.0}
---------------------------------------------------------------------
---------------------------------------------------------------------
{'username': 'root', 'pid': 564, 'name': 'kworker/1:1H-kblockd', 'status': 'idle', 'cpu_percent': 0.0, 'memory_percent': 0.0}
---------------------------------------------------------------------
---------------------------------------------------------------------
{'username': 'root', 'pid': 583, 'name': 'systemd-journald', 'status': 'sleeping', 'cpu_percent': 0.0, 'memory_percent': 0.2551315899091178}
---------------------------------------------------------------------
---------------------------------------------------------------------
{'username': 'root', 'pid': 612, 'name': 'systemd-userdbd', 'status': 'sleeping', 'cpu_percent': 0.0, 'memory_percent': 0.03812713698975246}
---------------------------------------------------------------------
---------------------------------------------------------------------
{'username': 'systemd-resolve', 'pid': 617, 'name': 'systemd-resolved', 'status': 'sleeping', 'cpu_percent': 0.0, 'memory_percent': 0.09484250415233042}
---------------------------------------------------------------------
---------------------------------------------------------------------
{'username': 'root', 'pid': 620, 'name': 'systemd-udevd', 'status': 'sleeping', 'cpu_percent': 0.0, 'memory_percent': 0.09852012169661757}
---------------------------------------------------------------------
---------------------------------------------------------------------
{'username': 'root', 'pid': 622, 'name': 'psimon', 'status': 'sleeping', 'cpu_percent': 0.0, 'memory_percent': 0.0}
---------------------------------------------------------------------
---------------------------------------------------------------------
{'username': 'root', 'pid': 695, 'name': 'irq/16-processor_thermal_device_pci', 'status': 'sleeping', 'cpu_percent': 0.0, 'memory_percent': 0.0}
---------------------------------------------------------------------
---------------------------------------------------------------------
{'username': 'systemd-oom', 'pid': 704, 'name': 'systemd-oomd', 'status': 'sleeping', 'cpu_percent': 0.0, 'memory_percent': 0.04468180227276764}
---------------------------------------------------------------------
---------------------------------------------------------------------
{'username': 'root', 'pid': 709, 'name': 'kworker/R-cfg80211', 'status': 'idle', 'cpu_percent': 0.0, 'memory_percent': 0.0}
---------------------------------------------------------------------
---------------------------------------------------------------------
{'username': 'root', 'pid': 722, 'name': 'irq/158-iwlwifi:default_queue', 'status': 'sleeping', 'cpu_percent': 0.0, 'memory_percent': 0.0}
---------------------------------------------------------------------
---------------------------------------------------------------------
{'username': 'root', 'pid': 723, 'name': 'irq/159-iwlwifi:queue_1', 'status': 'sleeping', 'cpu_percent': 0.0, 'memory_percent': 0.0}
---------------------------------------------------------------------
---------------------------------------------------------------------
{'username': 'root', 'pid': 724, 'name': 'irq/160-iwlwifi:queue_2', 'status': 'sleeping', 'cpu_percent': 0.0, 'memory_percent': 0.0}
---------------------------------------------------------------------
---------------------------------------------------------------------
{'username': 'root', 'pid': 725, 'name': 'irq/161-iwlwifi:queue_3', 'status': 'sleeping', 'cpu_percent': 0.0, 'memory_percent': 0.0}
---------------------------------------------------------------------
---------------------------------------------------------------------
{'username': 'root', 'pid': 726, 'name': 'irq/162-iwlwifi:queue_4', 'status': 'sleeping', 'cpu_percent': 0.0, 'memory_percent': 0.0}
---------------------------------------------------------------------
---------------------------------------------------------------------
{'username': 'root', 'pid': 727, 'name': 'irq/163-iwlwifi:queue_5', 'status': 'sleeping', 'cpu_percent': 0.0, 'memory_percent': 0.0}
---------------------------------------------------------------------
---------------------------------------------------------------------
{'username': 'root', 'pid': 728, 'name': 'irq/164-iwlwifi:queue_6', 'status': 'sleeping', 'cpu_percent': 0.0, 'memory_percent': 0.0}
---------------------------------------------------------------------
---------------------------------------------------------------------
{'username': 'root', 'pid': 729, 'name': 'irq/165-iwlwifi:queue_7', 'status': 'sleeping', 'cpu_percent': 0.0, 'memory_percent': 0.0}
---------------------------------------------------------------------
---------------------------------------------------------------------
{'username': 'root', 'pid': 730, 'name': 'irq/166-iwlwifi:queue_8', 'status': 'sleeping', 'cpu_percent': 0.0, 'memory_percent': 0.0}
---------------------------------------------------------------------
---------------------------------------------------------------------
{'username': 'root', 'pid': 731, 'name': 'irq/167-iwlwifi:queue_9', 'status': 'sleeping', 'cpu_percent': 0.0, 'memory_percent': 0.0}
---------------------------------------------------------------------
---------------------------------------------------------------------
{'username': 'root', 'pid': 732, 'name': 'irq/168-iwlwifi:queue_10', 'status': 'sleeping', 'cpu_percent': 0.0, 'memory_percent': 0.0}
---------------------------------------------------------------------
---------------------------------------------------------------------
{'username': 'root', 'pid': 733, 'name': 'irq/169-iwlwifi:queue_11', 'status': 'sleeping', 'cpu_percent': 0.0, 'memory_percent': 0.0}
---------------------------------------------------------------------
---------------------------------------------------------------------
{'username': 'root', 'pid': 734, 'name': 'irq/170-iwlwifi:queue_12', 'status': 'sleeping', 'cpu_percent': 0.0, 'memory_percent': 0.0}
---------------------------------------------------------------------
---------------------------------------------------------------------
{'username': 'root', 'pid': 735, 'name': 'irq/171-iwlwifi:exception', 'status': 'sleeping', 'cpu_percent': 0.0, 'memory_percent': 0.0}
---------------------------------------------------------------------
---------------------------------------------------------------------
{'username': 'root', 'pid': 750, 'name': 'nv_queue', 'status': 'sleeping', 'cpu_percent': 0.0, 'memory_percent': 0.0}
---------------------------------------------------------------------
---------------------------------------------------------------------
{'username': 'root', 'pid': 751, 'name': 'nv_mem_pool_scrubber_queue', 'status': 'sleeping', 'cpu_percent': 0.0, 'memory_percent': 0.0}
---------------------------------------------------------------------
---------------------------------------------------------------------
{'username': 'root', 'pid': 752, 'name': 'nv_mem_pool_scrubber_queue', 'status': 'sleeping', 'cpu_percent': 0.0, 'memory_percent': 0.0}
---------------------------------------------------------------------
---------------------------------------------------------------------
{'username': 'root', 'pid': 753, 'name': 'nv_mem_pool_scrubber_queue', 'status': 'sleeping', 'cpu_percent': 0.0, 'memory_percent': 0.0}
---------------------------------------------------------------------
---------------------------------------------------------------------
{'username': 'root', 'pid': 754, 'name': 'nv_queue', 'status': 'sleeping', 'cpu_percent': 0.0, 'memory_percent': 0.0}
---------------------------------------------------------------------
---------------------------------------------------------------------
{'username': 'root', 'pid': 755, 'name': 'nv_open_q', 'status': 'sleeping', 'cpu_percent': 0.0, 'memory_percent': 0.0}
---------------------------------------------------------------------
---------------------------------------------------------------------
{'username': 'root', 'pid': 761, 'name': 'nvidia-modeset/kthread_q', 'status': 'sleeping', 'cpu_percent': 0.0, 'memory_percent': 0.0}
---------------------------------------------------------------------
---------------------------------------------------------------------
{'username': 'root', 'pid': 762, 'name': 'nvidia-modeset/deferred_close_kthread_q', 'status': 'sleeping', 'cpu_percent': 0.0, 'memory_percent': 0.0}
---------------------------------------------------------------------
---------------------------------------------------------------------
{'username': 'root', 'pid': 763, 'name': 'irq/172-nvidia', 'status': 'sleeping', 'cpu_percent': 0.0, 'memory_percent': 0.0}
---------------------------------------------------------------------
---------------------------------------------------------------------
{'username': 'root', 'pid': 765, 'name': 'nv_queue', 'status': 'sleeping', 'cpu_percent': 0.0, 'memory_percent': 0.0}
---------------------------------------------------------------------
---------------------------------------------------------------------
{'username': 'root', 'pid': 769, 'name': 'irq/173-AudioDSP', 'status': 'sleeping', 'cpu_percent': 0.0, 'memory_percent': 0.0}
---------------------------------------------------------------------
---------------------------------------------------------------------
{'username': 'root', 'pid': 770, 'name': 'jbd2/nvme0n1p6-8', 'status': 'sleeping', 'cpu_percent': 0.0, 'memory_percent': 0.0}
---------------------------------------------------------------------
---------------------------------------------------------------------
{'username': 'root', 'pid': 771, 'name': 'kworker/R-ext4-rsv-conversion', 'status': 'idle', 'cpu_percent': 0.0, 'memory_percent': 0.0}
---------------------------------------------------------------------
---------------------------------------------------------------------
{'username': 'root', 'pid': 792, 'name': 'auditd', 'status': 'sleeping', 'cpu_percent': 0.0, 'memory_percent': 0.021940616233604267}
---------------------------------------------------------------------
---------------------------------------------------------------------
{'username': 'dbus', 'pid': 818, 'name': 'dbus-broker-launch', 'status': 'sleeping', 'cpu_percent': 0.0, 'memory_percent': 0.03297346886646571}
---------------------------------------------------------------------
---------------------------------------------------------------------
{'username': 'dbus', 'pid': 820, 'name': 'dbus-broker', 'status': 'sleeping', 'cpu_percent': 0.0, 'memory_percent': 0.06432078031538947}
---------------------------------------------------------------------
---------------------------------------------------------------------
{'username': 'avahi', 'pid': 825, 'name': 'avahi-daemon', 'status': 'sleeping', 'cpu_percent': 0.0, 'memory_percent': 0.03044667041766978}
---------------------------------------------------------------------
---------------------------------------------------------------------
{'username': 'root', 'pid': 826, 'name': 'bluetoothd', 'status': 'sleeping', 'cpu_percent': 0.0, 'memory_percent': 0.03860247531180318}
---------------------------------------------------------------------
---------------------------------------------------------------------
{'username': 'root', 'pid': 831, 'name': 'firewalld', 'status': 'sleeping', 'cpu_percent': 0.0, 'memory_percent': 0.31920219216027007}
---------------------------------------------------------------------
---------------------------------------------------------------------
{'username': 'root', 'pid': 834, 'name': 'NetworkManager', 'status': 'sleeping', 'cpu_percent': 0.0, 'memory_percent': 0.16261574175419355}
---------------------------------------------------------------------
---------------------------------------------------------------------
{'username': 'root', 'pid': 836, 'name': 'intel_lpmd', 'status': 'sleeping', 'cpu_percent': 0.0, 'memory_percent': 0.05981757515911951}
---------------------------------------------------------------------
---------------------------------------------------------------------
{'username': 'root', 'pid': 837, 'name': 'irqbalance', 'status': 'sleeping', 'cpu_percent': 0.0, 'memory_percent': 0.028245103452382236}
---------------------------------------------------------------------
---------------------------------------------------------------------
{'username': 'chrony', 'pid': 839, 'name': 'chronyd', 'status': 'sleeping', 'cpu_percent': 0.0, 'memory_percent': 0.04240518188820893}
---------------------------------------------------------------------
---------------------------------------------------------------------
{'username': 'root', 'pid': 841, 'name': 'mcelog', 'status': 'sleeping', 'cpu_percent': 0.0, 'memory_percent': 0.0141600784358267}
---------------------------------------------------------------------
---------------------------------------------------------------------
{'username': 'root', 'pid': 843, 'name': 'nvidia-powerd', 'status': 'sleeping', 'cpu_percent': 0.0, 'memory_percent': 0.054563835810137865}
---------------------------------------------------------------------
---------------------------------------------------------------------
{'username': 'polkitd', 'pid': 844, 'name': 'polkitd', 'status': 'sleeping', 'cpu_percent': 0.0, 'memory_percent': 0.08461022132502809}
---------------------------------------------------------------------
---------------------------------------------------------------------
{'username': 'rtkit', 'pid': 848, 'name': 'rtkit-daemon', 'status': 'sleeping', 'cpu_percent': 0.0, 'memory_percent': 0.0220907230721466}
---------------------------------------------------------------------
---------------------------------------------------------------------
{'username': 'root', 'pid': 850, 'name': 'smartd', 'status': 'sleeping', 'cpu_percent': 0.0, 'memory_percent': 0.03935300950451484}
---------------------------------------------------------------------
---------------------------------------------------------------------
{'username': 'root', 'pid': 852, 'name': 'switcheroo-control', 'status': 'sleeping', 'cpu_percent': 0.0, 'memory_percent': 0.04640803091600446}
---------------------------------------------------------------------
---------------------------------------------------------------------
{'username': 'root', 'pid': 858, 'name': 'systemd-homed', 'status': 'sleeping', 'cpu_percent': 0.0, 'memory_percent': 0.049385149880427394}
---------------------------------------------------------------------
---------------------------------------------------------------------
{'username': 'root', 'pid': 860, 'name': 'systemd-machined', 'status': 'sleeping', 'cpu_percent': 0.0, 'memory_percent': 0.049935541621749284}
---------------------------------------------------------------------
---------------------------------------------------------------------
{'username': 'root', 'pid': 862, 'name': 'thermald', 'status': 'sleeping', 'cpu_percent': 0.0, 'memory_percent': 0.06444586934750808}
---------------------------------------------------------------------
---------------------------------------------------------------------
{'username': 'root', 'pid': 867, 'name': 'udisksd', 'status': 'sleeping', 'cpu_percent': 0.0, 'memory_percent': 0.09471741512021181}
---------------------------------------------------------------------
---------------------------------------------------------------------
{'username': 'root', 'pid': 869, 'name': 'upowerd', 'status': 'sleeping', 'cpu_percent': 0.0, 'memory_percent': 0.07687971914009797}
---------------------------------------------------------------------
---------------------------------------------------------------------
{'username': 'root', 'pid': 896, 'name': 'psimon', 'status': 'sleeping', 'cpu_percent': 0.0, 'memory_percent': 0.0}
---------------------------------------------------------------------
---------------------------------------------------------------------
{'username': 'avahi', 'pid': 904, 'name': 'avahi-daemon', 'status': 'sleeping', 'cpu_percent': 0.0, 'memory_percent': 0.010757656762200496}
---------------------------------------------------------------------
---------------------------------------------------------------------
{'username': 'root', 'pid': 905, 'name': 'abrtd', 'status': 'sleeping', 'cpu_percent': 0.0, 'memory_percent': 0.09241577692922938}
---------------------------------------------------------------------
---------------------------------------------------------------------
{'username': 'root', 'pid': 909, 'name': 'accounts-daemon', 'status': 'sleeping', 'cpu_percent': 0.0, 'memory_percent': 0.056965545226815184}
---------------------------------------------------------------------
---------------------------------------------------------------------
{'username': 'root', 'pid': 910, 'name': 'alsactl', 'status': 'sleeping', 'cpu_percent': 0.0, 'memory_percent': 0.02259107920062104}
---------------------------------------------------------------------
---------------------------------------------------------------------
{'username': 'root', 'pid': 913, 'name': 'systemd-logind', 'status': 'sleeping', 'cpu_percent': 0.0, 'memory_percent': 0.070124911405693}
---------------------------------------------------------------------
---------------------------------------------------------------------
{'username': 'root', 'pid': 1005, 'name': 'ModemManager', 'status': 'sleeping', 'cpu_percent': 0.0, 'memory_percent': 0.0870119307417054}
---------------------------------------------------------------------
---------------------------------------------------------------------
{'username': 'root', 'pid': 1011, 'name': 'abrt-dump-journal-core', 'status': 'sleeping', 'cpu_percent': 0.0, 'memory_percent': 0.41271875257214324}
---------------------------------------------------------------------
---------------------------------------------------------------------
{'username': 'root', 'pid': 1012, 'name': 'abrt-dump-journal-oops', 'status': 'sleeping', 'cpu_percent': 0.0, 'memory_percent': 0.41652145914854893}
---------------------------------------------------------------------
---------------------------------------------------------------------
{'username': 'root', 'pid': 1013, 'name': 'abrt-dump-journal-xorg', 'status': 'sleeping', 'cpu_percent': 0.0, 'memory_percent': 0.35582826076459917}
---------------------------------------------------------------------
---------------------------------------------------------------------
{'username': 'root', 'pid': 1033, 'name': 'cupsd', 'status': 'sleeping', 'cpu_percent': 0.0, 'memory_percent': 0.07390260017567504}
---------------------------------------------------------------------
---------------------------------------------------------------------
{'username': 'root', 'pid': 1038, 'name': 'gssproxy', 'status': 'sleeping', 'cpu_percent': 0.0, 'memory_percent': 0.05173682368425727}
---------------------------------------------------------------------
---------------------------------------------------------------------
{'username': 'root', 'pid': 1041, 'name': 'tuned', 'status': 'sleeping', 'cpu_percent': 0.0, 'memory_percent': 0.23871990889515615}
---------------------------------------------------------------------
---------------------------------------------------------------------
{'username': 'mysql', 'pid': 1117, 'name': 'mysqld', 'status': 'sleeping', 'cpu_percent': 0.0, 'memory_percent': 2.915475089394877}
---------------------------------------------------------------------
---------------------------------------------------------------------
{'username': 'root', 'pid': 1141, 'name': 'tuned-ppd', 'status': 'sleeping', 'cpu_percent': 0.0, 'memory_percent': 0.2197814294323985}
---------------------------------------------------------------------
---------------------------------------------------------------------
{'username': 'root', 'pid': 1150, 'name': 'wpa_supplicant', 'status': 'sleeping', 'cpu_percent': 0.0, 'memory_percent': 0.0782807162998264}
---------------------------------------------------------------------
---------------------------------------------------------------------
{'username': 'root', 'pid': 1152, 'name': 'kworker/R-rpciod', 'status': 'idle', 'cpu_percent': 0.0, 'memory_percent': 0.0}
---------------------------------------------------------------------
---------------------------------------------------------------------
{'username': 'root', 'pid': 1153, 'name': 'kworker/R-xprtiod', 'status': 'idle', 'cpu_percent': 0.0, 'memory_percent': 0.0}
---------------------------------------------------------------------
---------------------------------------------------------------------
{'username': 'root', 'pid': 1260, 'name': 'rsyslogd', 'status': 'sleeping', 'cpu_percent': 0.0, 'memory_percent': 0.3879761420190821}
---------------------------------------------------------------------
---------------------------------------------------------------------
{'username': 'root', 'pid': 1265, 'name': 'atd', 'status': 'sleeping', 'cpu_percent': 0.0, 'memory_percent': 0.02111502862162144}
---------------------------------------------------------------------
---------------------------------------------------------------------
{'username': 'root', 'pid': 1266, 'name': 'crond', 'status': 'sleeping', 'cpu_percent': 0.0, 'memory_percent': 0.023942040747502034}
---------------------------------------------------------------------
---------------------------------------------------------------------
{'username': 'root', 'pid': 1267, 'name': 'gdm', 'status': 'sleeping', 'cpu_percent': 0.0, 'memory_percent': 0.06779825540828685}
---------------------------------------------------------------------
---------------------------------------------------------------------
{'username': 'root', 'pid': 1307, 'name': 'uresourced', 'status': 'sleeping', 'cpu_percent': 0.0, 'memory_percent': 0.04583262136825886}
---------------------------------------------------------------------
---------------------------------------------------------------------
{'username': 'root', 'pid': 1309, 'name': 'psimon', 'status': 'sleeping', 'cpu_percent': 0.0, 'memory_percent': 0.0}
---------------------------------------------------------------------
---------------------------------------------------------------------
{'username': 'root', 'pid': 1430, 'name': 'krfcommd', 'status': 'sleeping', 'cpu_percent': 0.0, 'memory_percent': 0.0}
---------------------------------------------------------------------
---------------------------------------------------------------------
{'username': 'colord', 'pid': 1471, 'name': 'colord', 'status': 'sleeping', 'cpu_percent': 0.0, 'memory_percent': 0.08446011448648576}
---------------------------------------------------------------------
---------------------------------------------------------------------
{'username': 'pcscd', 'pid': 1640, 'name': 'pcscd', 'status': 'sleeping', 'cpu_percent': 0.0, 'memory_percent': 0.057490919161713346}
---------------------------------------------------------------------
---------------------------------------------------------------------
{'username': 'root', 'pid': 2247, 'name': 'UVM global queue', 'status': 'sleeping', 'cpu_percent': 0.0, 'memory_percent': 0.0}
---------------------------------------------------------------------
---------------------------------------------------------------------
{'username': 'root', 'pid': 2249, 'name': 'UVM deferred release queue', 'status': 'sleeping', 'cpu_percent': 0.0, 'memory_percent': 0.0}
---------------------------------------------------------------------
---------------------------------------------------------------------
{'username': 'root', 'pid': 2250, 'name': 'UVM Tools Event Queue', 'status': 'sleeping', 'cpu_percent': 0.0, 'memory_percent': 0.0}
---------------------------------------------------------------------
---------------------------------------------------------------------
{'username': 'geoclue', 'pid': 2285, 'name': 'geoclue', 'status': 'sleeping', 'cpu_percent': 0.0, 'memory_percent': 0.28287633723302563}
---------------------------------------------------------------------
---------------------------------------------------------------------
{'username': 'root', 'pid': 2754, 'name': 'gdm-session-worker', 'status': 'sleeping', 'cpu_percent': 0.0, 'memory_percent': 0.0935665960247206}
---------------------------------------------------------------------
---------------------------------------------------------------------
{'username': 'rushi', 'pid': 2886, 'name': 'systemd', 'status': 'sleeping', 'cpu_percent': 0.0, 'memory_percent': 0.10134713382249816}
---------------------------------------------------------------------
---------------------------------------------------------------------
{'username': 'rushi', 'pid': 2888, 'name': '(sd-pam)', 'status': 'sleeping', 'cpu_percent': 0.0, 'memory_percent': 0.020989939589502828}
---------------------------------------------------------------------
---------------------------------------------------------------------
{'username': 'rushi', 'pid': 2908, 'name': 'gnome-keyring-daemon', 'status': 'sleeping', 'cpu_percent': 0.0, 'memory_percent': 0.05228721542557916}
---------------------------------------------------------------------
---------------------------------------------------------------------
{'username': 'rushi', 'pid': 2992, 'name': 'gdm-wayland-session', 'status': 'sleeping', 'cpu_percent': 0.0, 'memory_percent': 0.039753294407294394}
---------------------------------------------------------------------
---------------------------------------------------------------------
{'username': 'rushi', 'pid': 3006, 'name': 'dbus-broker-launch', 'status': 'sleeping', 'cpu_percent': 0.0, 'memory_percent': 0.0278698363560264}
---------------------------------------------------------------------
---------------------------------------------------------------------
{'username': 'rushi', 'pid': 3033, 'name': 'dbus-broker', 'status': 'sleeping', 'cpu_percent': 0.0, 'memory_percent': 0.03640090834651563}
---------------------------------------------------------------------
---------------------------------------------------------------------
{'username': 'rushi', 'pid': 3037, 'name': 'gnome-session-init-worker', 'status': 'sleeping', 'cpu_percent': 0.0, 'memory_percent': 0.06111850109315305}
---------------------------------------------------------------------
---------------------------------------------------------------------
{'username': 'rushi', 'pid': 3077, 'name': 'gnome-session-ctl', 'status': 'sleeping', 'cpu_percent': 0.0, 'memory_percent': 0.0369262822814138}
---------------------------------------------------------------------
---------------------------------------------------------------------
{'username': 'rushi', 'pid': 3078, 'name': 'uresourced', 'status': 'sleeping', 'cpu_percent': 0.0, 'memory_percent': 0.06529647476591464}
---------------------------------------------------------------------
---------------------------------------------------------------------
{'username': 'rushi', 'pid': 3086, 'name': 'gnome-session-service', 'status': 'sleeping', 'cpu_percent': 0.0, 'memory_percent': 0.07495334804547137}
---------------------------------------------------------------------
---------------------------------------------------------------------
{'username': 'rushi', 'pid': 3087, 'name': 'gvfsd', 'status': 'sleeping', 'cpu_percent': 0.0, 'memory_percent': 0.06442085154108436}
---------------------------------------------------------------------
---------------------------------------------------------------------
{'username': 'rushi', 'pid': 3096, 'name': 'gvfsd-fuse', 'status': 'sleeping', 'cpu_percent': 0.0, 'memory_percent': 0.04618287065819097}
---------------------------------------------------------------------
---------------------------------------------------------------------
{'username': 'rushi', 'pid': 3105, 'name': 'pipewire', 'status': 'sleeping', 'cpu_percent': 0.0, 'memory_percent': 0.10129709820965072}
---------------------------------------------------------------------
---------------------------------------------------------------------
{'username': 'rushi', 'pid': 3107, 'name': 'wireplumber', 'status': 'sleeping', 'cpu_percent': 0.0, 'memory_percent': 0.20171857319447117}
---------------------------------------------------------------------
---------------------------------------------------------------------
{'username': 'rushi', 'pid': 3110, 'name': 'gnome-shell', 'status': 'sleeping', 'cpu_percent': 0.0, 'memory_percent': 1.9907919461676848}
---------------------------------------------------------------------
---------------------------------------------------------------------
{'username': 'root', 'pid': 3152, 'name': 'nvidia-drm/timeline-25', 'status': 'sleeping', 'cpu_percent': 0.0, 'memory_percent': 0.0}
---------------------------------------------------------------------
---------------------------------------------------------------------
{'username': 'rushi', 'pid': 3179, 'name': 'at-spi-bus-launcher', 'status': 'sleeping', 'cpu_percent': 0.0, 'memory_percent': 0.050085648460291614}
---------------------------------------------------------------------
---------------------------------------------------------------------
{'username': 'rushi', 'pid': 3185, 'name': 'dbus-broker-launch', 'status': 'sleeping', 'cpu_percent': 0.0, 'memory_percent': 0.02689414190550124}
---------------------------------------------------------------------
---------------------------------------------------------------------
{'username': 'rushi', 'pid': 3186, 'name': 'dbus-broker', 'status': 'sleeping', 'cpu_percent': 0.0, 'memory_percent': 0.020714743718841886}
---------------------------------------------------------------------
---------------------------------------------------------------------
{'username': 'rushi', 'pid': 3187, 'name': 'at-spi2-registryd', 'status': 'sleeping', 'cpu_percent': 0.0, 'memory_percent': 0.04893482936480039}
---------------------------------------------------------------------
---------------------------------------------------------------------
{'username': 'rushi', 'pid': 3200, 'name': 'xdg-permission-store', 'status': 'sleeping', 'cpu_percent': 0.0, 'memory_percent': 0.04170468330834471}
---------------------------------------------------------------------
---------------------------------------------------------------------
{'username': 'rushi', 'pid': 3213, 'name': 'gnome-shell-calendar-server', 'status': 'sleeping', 'cpu_percent': 0.0, 'memory_percent': 0.1547601505371448}
---------------------------------------------------------------------
---------------------------------------------------------------------
{'username': 'rushi', 'pid': 3220, 'name': 'evolution-source-registry', 'status': 'sleeping', 'cpu_percent': 0.0, 'memory_percent': 0.36163239185490276}
---------------------------------------------------------------------
---------------------------------------------------------------------
{'username': 'rushi', 'pid': 3250, 'name': 'gjs', 'status': 'sleeping', 'cpu_percent': 0.0, 'memory_percent': 0.22160772930133024}
---------------------------------------------------------------------
---------------------------------------------------------------------
{'username': 'rushi', 'pid': 3267, 'name': 'ibus-daemon', 'status': 'sleeping', 'cpu_percent': 0.0, 'memory_percent': 0.08778748274084079}
---------------------------------------------------------------------
---------------------------------------------------------------------
{'username': 'rushi', 'pid': 3276, 'name': 'gsd-a11y-settings', 'status': 'sleeping', 'cpu_percent': 0.0, 'memory_percent': 0.07009989359926928}
---------------------------------------------------------------------
---------------------------------------------------------------------
{'username': 'rushi', 'pid': 3279, 'name': 'gsd-color', 'status': 'sleeping', 'cpu_percent': 0.0, 'memory_percent': 0.07377751114355643}
---------------------------------------------------------------------
---------------------------------------------------------------------
{'username': 'rushi', 'pid': 3280, 'name': 'gsd-datetime', 'status': 'sleeping', 'cpu_percent': 0.0, 'memory_percent': 0.29265829954470096}
---------------------------------------------------------------------
---------------------------------------------------------------------
{'username': 'rushi', 'pid': 3285, 'name': 'gsd-housekeeping', 'status': 'sleeping', 'cpu_percent': 0.0, 'memory_percent': 0.07300195914442104}
---------------------------------------------------------------------
---------------------------------------------------------------------
{'username': 'rushi', 'pid': 3287, 'name': 'gsd-keyboard', 'status': 'sleeping', 'cpu_percent': 0.0, 'memory_percent': 0.05091123607227445}
---------------------------------------------------------------------
---------------------------------------------------------------------
{'username': 'rushi', 'pid': 3288, 'name': 'gsd-media-keys', 'status': 'sleeping', 'cpu_percent': 0.0, 'memory_percent': 0.0939168453146527}
---------------------------------------------------------------------
---------------------------------------------------------------------
{'username': 'rushi', 'pid': 3292, 'name': 'gsd-disk-utility-notify', 'status': 'sleeping', 'cpu_percent': 0.0, 'memory_percent': 0.06311992560705082}
---------------------------------------------------------------------
---------------------------------------------------------------------
{'username': 'rushi', 'pid': 3294, 'name': 'gsd-power', 'status': 'sleeping', 'cpu_percent': 0.0, 'memory_percent': 0.0944672370559746}
---------------------------------------------------------------------
---------------------------------------------------------------------
{'username': 'rushi', 'pid': 3297, 'name': 'gsd-print-notifications', 'status': 'sleeping', 'cpu_percent': 0.0, 'memory_percent': 0.102172721434481}
---------------------------------------------------------------------
---------------------------------------------------------------------
{'username': 'rushi', 'pid': 3304, 'name': 'gsd-rfkill', 'status': 'sleeping', 'cpu_percent': 0.0, 'memory_percent': 0.05106134291081678}
---------------------------------------------------------------------
---------------------------------------------------------------------
{'username': 'rushi', 'pid': 3312, 'name': 'gsd-screensaver-proxy', 'status': 'sleeping', 'cpu_percent': 0.0, 'memory_percent': 0.04623290627103841}
---------------------------------------------------------------------
---------------------------------------------------------------------
{'username': 'rushi', 'pid': 3319, 'name': 'gsd-sharing', 'status': 'sleeping', 'cpu_percent': 0.0, 'memory_percent': 0.08305911732675732}
---------------------------------------------------------------------
---------------------------------------------------------------------
{'username': 'rushi', 'pid': 3323, 'name': 'gsd-smartcard', 'status': 'sleeping', 'cpu_percent': 0.0, 'memory_percent': 0.08821278545004407}
---------------------------------------------------------------------
---------------------------------------------------------------------
{'username': 'rushi', 'pid': 3330, 'name': 'gsd-sound', 'status': 'sleeping', 'cpu_percent': 0.0, 'memory_percent': 0.06564672405584675}
---------------------------------------------------------------------
---------------------------------------------------------------------
{'username': 'rushi', 'pid': 3334, 'name': 'gsd-usb-protection', 'status': 'sleeping', 'cpu_percent': 0.0, 'memory_percent': 0.0662721692164398}
---------------------------------------------------------------------
---------------------------------------------------------------------
{'username': 'rushi', 'pid': 3347, 'name': 'gsd-wwan', 'status': 'sleeping', 'cpu_percent': 0.0, 'memory_percent': 0.07707986159148775}
---------------------------------------------------------------------
---------------------------------------------------------------------
{'username': 'rushi', 'pid': 3419, 'name': 'Xwayland', 'status': 'sleeping', 'cpu_percent': 0.0, 'memory_percent': 0.6570426501062131}
---------------------------------------------------------------------
---------------------------------------------------------------------
{'username': 'rushi', 'pid': 3445, 'name': 'ibus-dconf', 'status': 'sleeping', 'cpu_percent': 0.0, 'memory_percent': 0.048984864977647834}
---------------------------------------------------------------------
---------------------------------------------------------------------
{'username': 'rushi', 'pid': 3446, 'name': 'ibus-extension-gtk3', 'status': 'sleeping', 'cpu_percent': 0.0, 'memory_percent': 0.24287286476149397}
---------------------------------------------------------------------
---------------------------------------------------------------------
{'username': 'rushi', 'pid': 3454, 'name': 'goa-daemon', 'status': 'sleeping', 'cpu_percent': 0.0, 'memory_percent': 0.3682120749443416}
---------------------------------------------------------------------
---------------------------------------------------------------------
{'username': 'rushi', 'pid': 3455, 'name': 'gjs', 'status': 'sleeping', 'cpu_percent': 0.0, 'memory_percent': 0.22188292517199118}
---------------------------------------------------------------------
---------------------------------------------------------------------
{'username': 'rushi', 'pid': 3457, 'name': 'pipewire-pulse', 'status': 'sleeping', 'cpu_percent': 0.0, 'memory_percent': 0.10269809536937916}
---------------------------------------------------------------------
---------------------------------------------------------------------
{'username': 'rushi', 'pid': 3474, 'name': 'ibus-portal', 'status': 'sleeping', 'cpu_percent': 0.0, 'memory_percent': 0.047859063688580346}
---------------------------------------------------------------------
---------------------------------------------------------------------
{'username': 'rushi', 'pid': 3477, 'name': 'evolution-alarm-notify', 'status': 'sleeping', 'cpu_percent': 0.0, 'memory_percent': 0.45670005626504667}
---------------------------------------------------------------------
---------------------------------------------------------------------
{'username': 'rushi', 'pid': 3489, 'name': 'gnome-software', 'status': 'sleeping', 'cpu_percent': 0.0, 'memory_percent': 1.20750944484737}
---------------------------------------------------------------------
---------------------------------------------------------------------
{'username': 'rushi', 'pid': 3491, 'name': 'gvfsd-metadata', 'status': 'sleeping', 'cpu_percent': 0.0, 'memory_percent': 0.04560746111044536}
---------------------------------------------------------------------
---------------------------------------------------------------------
{'username': 'rushi', 'pid': 3492, 'name': 'localsearch-3', 'status': 'sleeping', 'cpu_percent': 0.0, 'memory_percent': 0.17432407516049547}
---------------------------------------------------------------------
---------------------------------------------------------------------
{'username': 'rushi', 'pid': 3600, 'name': 'gvfs-udisks2-volume-monitor', 'status': 'sleeping', 'cpu_percent': 0.0, 'memory_percent': 0.09174029615578888}
---------------------------------------------------------------------
---------------------------------------------------------------------
{'username': 'rushi', 'pid': 3613, 'name': 'goa-identity-service', 'status': 'sleeping', 'cpu_percent': 0.0, 'memory_percent': 0.07402768920779365}
---------------------------------------------------------------------
---------------------------------------------------------------------
{'username': 'rushi', 'pid': 3614, 'name': 'evolution-calendar-factory', 'status': 'sleeping', 'cpu_percent': 0.0, 'memory_percent': 0.38735069685848905}
---------------------------------------------------------------------
---------------------------------------------------------------------
{'username': 'rushi', 'pid': 3641, 'name': 'gvfs-afc-volume-monitor', 'status': 'sleeping', 'cpu_percent': 0.0, 'memory_percent': 0.05528935219642581}
---------------------------------------------------------------------
---------------------------------------------------------------------
{'username': 'rushi', 'pid': 3643, 'name': 'xdg-desktop-portal', 'status': 'sleeping', 'cpu_percent': 0.0, 'memory_percent': 0.122337073412001}
---------------------------------------------------------------------
---------------------------------------------------------------------
{'username': 'rushi', 'pid': 3667, 'name': 'gvfs-goa-volume-monitor', 'status': 'sleeping', 'cpu_percent': 0.0, 'memory_percent': 0.04240518188820893}
---------------------------------------------------------------------
---------------------------------------------------------------------
{'username': 'rushi', 'pid': 3672, 'name': 'xdg-document-portal', 'status': 'sleeping', 'cpu_percent': 0.0, 'memory_percent': 0.05418856871378204}
---------------------------------------------------------------------
---------------------------------------------------------------------
{'username': 'rushi', 'pid': 3689, 'name': 'fusermount3', 'status': 'sleeping', 'cpu_percent': 0.0, 'memory_percent': 0.013659722307352259}
---------------------------------------------------------------------
---------------------------------------------------------------------
{'username': 'rushi', 'pid': 3696, 'name': 'gvfs-gphoto2-volume-monitor', 'status': 'sleeping', 'cpu_percent': 0.0, 'memory_percent': 0.04971038136393579}
---------------------------------------------------------------------
---------------------------------------------------------------------
{'username': 'rushi', 'pid': 3704, 'name': 'xdg-desktop-portal-gnome', 'status': 'sleeping', 'cpu_percent': 0.0, 'memory_percent': 0.3071185916576123}
---------------------------------------------------------------------
---------------------------------------------------------------------
{'username': 'rushi', 'pid': 3715, 'name': 'evolution-addressbook-factory', 'status': 'sleeping', 'cpu_percent': 0.0, 'memory_percent': 0.22818741239076912}
---------------------------------------------------------------------
---------------------------------------------------------------------
{'username': 'rushi', 'pid': 3723, 'name': 'gvfs-mtp-volume-monitor', 'status': 'sleeping', 'cpu_percent': 0.0, 'memory_percent': 0.04360603659654759}
---------------------------------------------------------------------
---------------------------------------------------------------------
{'username': 'rushi', 'pid': 3761, 'name': 'ibus-engine-simple', 'status': 'sleeping', 'cpu_percent': 0.0, 'memory_percent': 0.049235043041885064}
---------------------------------------------------------------------
---------------------------------------------------------------------
{'username': 'rushi', 'pid': 3827, 'name': 'dconf-service', 'status': 'sleeping', 'cpu_percent': 0.0, 'memory_percent': 0.03947809853663345}
---------------------------------------------------------------------
---------------------------------------------------------------------
{'username': 'rushi', 'pid': 3902, 'name': 'gsd-printer', 'status': 'sleeping', 'cpu_percent': 0.0, 'memory_percent': 0.09184036738148377}
---------------------------------------------------------------------
---------------------------------------------------------------------
{'username': 'rushi', 'pid': 4238, 'name': 'gvfsd-trash', 'status': 'sleeping', 'cpu_percent': 0.0, 'memory_percent': 0.07200124688747216}
---------------------------------------------------------------------
---------------------------------------------------------------------
{'username': 'rushi', 'pid': 4260, 'name': 'gnome-keyring-daemon', 'status': 'sleeping', 'cpu_percent': 0.0, 'memory_percent': 0.057315794516747294}
---------------------------------------------------------------------
---------------------------------------------------------------------
{'username': 'rushi', 'pid': 4538, 'name': 'gsd-xsettings', 'status': 'sleeping', 'cpu_percent': 0.0, 'memory_percent': 0.08603623629118025}
---------------------------------------------------------------------
---------------------------------------------------------------------
{'username': 'rushi', 'pid': 4551, 'name': 'mutter-x11-frames', 'status': 'sleeping', 'cpu_percent': 0.0, 'memory_percent': 0.7652696806952348}
---------------------------------------------------------------------
---------------------------------------------------------------------
{'username': 'rushi', 'pid': 4573, 'name': 'ibus-x11', 'status': 'sleeping', 'cpu_percent': 0.0, 'memory_percent': 0.3243558602835568}
---------------------------------------------------------------------
---------------------------------------------------------------------
{'username': 'rushi', 'pid': 4598, 'name': 'xdg-desktop-portal-gtk', 'status': 'sleeping', 'cpu_percent': 0.0, 'memory_percent': 0.20762277551046956}
---------------------------------------------------------------------
---------------------------------------------------------------------
{'username': 'root', 'pid': 4770, 'name': 'fwupd', 'status': 'sleeping', 'cpu_percent': 0.0, 'memory_percent': 0.31517432532605083}
---------------------------------------------------------------------
---------------------------------------------------------------------
{'username': 'root', 'pid': 4817, 'name': 'dnf5daemon-server', 'status': 'sleeping', 'cpu_percent': 0.0, 'memory_percent': 0.2619114154499465}
---------------------------------------------------------------------
---------------------------------------------------------------------
{'username': 'rushi', 'pid': 6507, 'name': 'ibus-engine-tb', 'status': 'sleeping', 'cpu_percent': 0.0, 'memory_percent': 0.6755308090533437}
---------------------------------------------------------------------
---------------------------------------------------------------------
{'username': 'rushi', 'pid': 6533, 'name': 'flatpak-session-helper', 'status': 'sleeping', 'cpu_percent': 0.0, 'memory_percent': 0.04513212278839464}
---------------------------------------------------------------------
---------------------------------------------------------------------
{'username': 'rushi', 'pid': 6538, 'name': 'p11-kit-server', 'status': 'sleeping', 'cpu_percent': 0.0, 'memory_percent': 0.0063044872187779655}
---------------------------------------------------------------------
---------------------------------------------------------------------
{'username': 'rushi', 'pid': 7267, 'name': 'gvfsd-recent', 'status': 'sleeping', 'cpu_percent': 0.0, 'memory_percent': 0.07898121487969062}
---------------------------------------------------------------------
---------------------------------------------------------------------
{'username': 'rushi', 'pid': 7268, 'name': 'gvfsd-network', 'status': 'sleeping', 'cpu_percent': 0.0, 'memory_percent': 0.07130074830760795}
---------------------------------------------------------------------
---------------------------------------------------------------------
{'username': 'rushi', 'pid': 7293, 'name': 'gvfsd-dnssd', 'status': 'sleeping', 'cpu_percent': 0.0, 'memory_percent': 0.07262669204806521}
---------------------------------------------------------------------
---------------------------------------------------------------------
{'username': 'rushi', 'pid': 7302, 'name': 'gvfsd-wsdd', 'status': 'sleeping', 'cpu_percent': 0.0, 'memory_percent': 0.0668475787641854}
---------------------------------------------------------------------
---------------------------------------------------------------------
{'username': 'rushi', 'pid': 7307, 'name': 'wsdd', 'status': 'sleeping', 'cpu_percent': 0.0, 'memory_percent': 0.20374501551479268}
---------------------------------------------------------------------
---------------------------------------------------------------------
{'username': 'root', 'pid': 9629, 'name': 'kworker/8:1-i915-unordered', 'status': 'idle', 'cpu_percent': 0.0, 'memory_percent': 0.0}
---------------------------------------------------------------------
---------------------------------------------------------------------
{'username': 'root', 'pid': 9745, 'name': 'irq/142-mei_me', 'status': 'sleeping', 'cpu_percent': 0.0, 'memory_percent': 0.0}
---------------------------------------------------------------------
---------------------------------------------------------------------
{'username': 'root', 'pid': 9754, 'name': 'nvidia', 'status': 'sleeping', 'cpu_percent': 0.0, 'memory_percent': 0.0}
---------------------------------------------------------------------
---------------------------------------------------------------------
{'username': 'sssd', 'pid': 9800, 'name': 'sssd_kcm', 'status': 'sleeping', 'cpu_percent': 0.0, 'memory_percent': 0.05689049180754402}
---------------------------------------------------------------------
---------------------------------------------------------------------
{'username': 'rushi', 'pid': 10901, 'name': 'catatonit', 'status': 'sleeping', 'cpu_percent': 0.0, 'memory_percent': 0.004453169543422531}
---------------------------------------------------------------------
---------------------------------------------------------------------
{'username': 'rushi', 'pid': 12697, 'name': 'code', 'status': 'sleeping', 'cpu_percent': 0.0, 'memory_percent': 1.8737836655239366}
---------------------------------------------------------------------
---------------------------------------------------------------------
{'username': 'rushi', 'pid': 12703, 'name': 'code', 'status': 'sleeping', 'cpu_percent': 0.0, 'memory_percent': 0.3336374664667577}
---------------------------------------------------------------------
---------------------------------------------------------------------
{'username': 'rushi', 'pid': 12704, 'name': 'code', 'status': 'sleeping', 'cpu_percent': 0.0, 'memory_percent': 0.3371149415596551}
---------------------------------------------------------------------
---------------------------------------------------------------------
{'username': 'rushi', 'pid': 12706, 'name': 'code', 'status': 'sleeping', 'cpu_percent': 0.0, 'memory_percent': 0.08185826261841866}
---------------------------------------------------------------------
---------------------------------------------------------------------
{'username': 'rushi', 'pid': 12724, 'name': 'chrome_crashpad_handler', 'status': 'sleeping', 'cpu_percent': 0.0, 'memory_percent': 0.03222293467375404}
---------------------------------------------------------------------
---------------------------------------------------------------------
{'username': 'rushi', 'pid': 12744, 'name': 'code', 'status': 'sleeping', 'cpu_percent': 0.0, 'memory_percent': 1.2770339288988937}
---------------------------------------------------------------------
---------------------------------------------------------------------
{'username': 'rushi', 'pid': 12747, 'name': 'code', 'status': 'sleeping', 'cpu_percent': 0.0, 'memory_percent': 0.543536862361786}
---------------------------------------------------------------------
---------------------------------------------------------------------
{'username': 'rushi', 'pid': 12780, 'name': 'code', 'status': 'sleeping', 'cpu_percent': 0.0, 'memory_percent': 2.809474643577566}
---------------------------------------------------------------------
---------------------------------------------------------------------
{'username': 'rushi', 'pid': 12852, 'name': 'code', 'status': 'sleeping', 'cpu_percent': 0.0, 'memory_percent': 1.7596274148124929}
---------------------------------------------------------------------
---------------------------------------------------------------------
{'username': 'rushi', 'pid': 12866, 'name': 'code', 'status': 'sleeping', 'cpu_percent': 0.0, 'memory_percent': 0.8796260738580685}
---------------------------------------------------------------------
---------------------------------------------------------------------
{'username': 'rushi', 'pid': 12867, 'name': 'code', 'status': 'sleeping', 'cpu_percent': 0.0, 'memory_percent': 0.7692725297230304}
---------------------------------------------------------------------
---------------------------------------------------------------------
{'username': 'rushi', 'pid': 13002, 'name': 'pet', 'status': 'sleeping', 'cpu_percent': 0.0, 'memory_percent': 0.035950587830888635}
---------------------------------------------------------------------
---------------------------------------------------------------------
{'username': 'rushi', 'pid': 13193, 'name': 'code', 'status': 'sleeping', 'cpu_percent': 0.0, 'memory_percent': 0.768046657208268}
---------------------------------------------------------------------
---------------------------------------------------------------------
{'username': 'rushi', 'pid': 13364, 'name': 'bash', 'status': 'sleeping', 'cpu_percent': 0.0, 'memory_percent': 0.03675115763644774}
---------------------------------------------------------------------
---------------------------------------------------------------------
{'username': 'rushi', 'pid': 13557, 'name': 'code', 'status': 'sleeping', 'cpu_percent': 0.0, 'memory_percent': 5.661654682720426}
---------------------------------------------------------------------
---------------------------------------------------------------------
{'username': 'root', 'pid': 13645, 'name': 'kworker/4:2H', 'status': 'idle', 'cpu_percent': 0.0, 'memory_percent': 0.0}
---------------------------------------------------------------------
---------------------------------------------------------------------
{'username': 'root', 'pid': 13671, 'name': 'kworker/0:2-mm_percpu_wq', 'status': 'idle', 'cpu_percent': 0.0, 'memory_percent': 0.0}
---------------------------------------------------------------------
---------------------------------------------------------------------
{'username': 'rushi', 'pid': 14174, 'name': 'code', 'status': 'sleeping', 'cpu_percent': 0.0, 'memory_percent': 0.642832536057539}
---------------------------------------------------------------------
---------------------------------------------------------------------
{'username': 'root', 'pid': 14761, 'name': 'kworker/4:1-mm_percpu_wq', 'status': 'idle', 'cpu_percent': 0.0, 'memory_percent': 0.0}
---------------------------------------------------------------------
---------------------------------------------------------------------
{'username': 'root', 'pid': 16182, 'name': 'kworker/6:0-events', 'status': 'idle', 'cpu_percent': 0.0, 'memory_percent': 0.0}
---------------------------------------------------------------------
---------------------------------------------------------------------
{'username': 'root', 'pid': 16238, 'name': 'kworker/u49:1-rb_allocator', 'status': 'idle', 'cpu_percent': 0.0, 'memory_percent': 0.0}
---------------------------------------------------------------------
---------------------------------------------------------------------
{'username': 'root', 'pid': 16819, 'name': 'kworker/8:3-memcg', 'status': 'idle', 'cpu_percent': 0.0, 'memory_percent': 0.0}
---------------------------------------------------------------------
---------------------------------------------------------------------
{'username': 'root', 'pid': 18336, 'name': 'kworker/0:1-events', 'status': 'idle', 'cpu_percent': 0.0, 'memory_percent': 0.0}
---------------------------------------------------------------------
---------------------------------------------------------------------
{'username': 'root', 'pid': 18764, 'name': 'kworker/u48:3-btrfs-endio-write', 'status': 'idle', 'cpu_percent': 0.0, 'memory_percent': 0.0}
---------------------------------------------------------------------
---------------------------------------------------------------------
{'username': 'rushi', 'pid': 18842, 'name': 'nautilus', 'status': 'sleeping', 'cpu_percent': 0.0, 'memory_percent': 1.3449572733392992}
---------------------------------------------------------------------
---------------------------------------------------------------------
{'username': 'root', 'pid': 19145, 'name': 'kworker/4:2', 'status': 'idle', 'cpu_percent': 0.0, 'memory_percent': 0.0}
---------------------------------------------------------------------
---------------------------------------------------------------------
{'username': 'root', 'pid': 19752, 'name': 'kworker/u48:7-i915', 'status': 'idle', 'cpu_percent': 0.0, 'memory_percent': 0.0}
---------------------------------------------------------------------
---------------------------------------------------------------------
{'username': 'root', 'pid': 19763, 'name': 'kworker/11:0', 'status': 'idle', 'cpu_percent': 0.0, 'memory_percent': 0.0}
---------------------------------------------------------------------
---------------------------------------------------------------------
{'username': 'root', 'pid': 20093, 'name': 'kworker/2:0', 'status': 'idle', 'cpu_percent': 0.0, 'memory_percent': 0.0}
---------------------------------------------------------------------
---------------------------------------------------------------------
{'username': 'root', 'pid': 20327, 'name': 'kworker/1:1', 'status': 'idle', 'cpu_percent': 0.0, 'memory_percent': 0.0}
---------------------------------------------------------------------
---------------------------------------------------------------------
{'username': 'root', 'pid': 20510, 'name': 'kworker/3:2', 'status': 'idle', 'cpu_percent': 0.0, 'memory_percent': 0.0}
---------------------------------------------------------------------
---------------------------------------------------------------------
{'username': 'root', 'pid': 20568, 'name': 'kworker/10:3-events', 'status': 'idle', 'cpu_percent': 0.0, 'memory_percent': 0.0}
---------------------------------------------------------------------
---------------------------------------------------------------------
{'username': 'root', 'pid': 20601, 'name': 'kworker/5:0-mm_percpu_wq', 'status': 'idle', 'cpu_percent': 0.0, 'memory_percent': 0.0}
---------------------------------------------------------------------
---------------------------------------------------------------------
{'username': 'root', 'pid': 20616, 'name': 'kworker/u48:1-btrfs-endio-write', 'status': 'idle', 'cpu_percent': 0.0, 'memory_percent': 0.0}
---------------------------------------------------------------------
---------------------------------------------------------------------
{'username': 'root', 'pid': 20617, 'name': 'kworker/u48:2-btrfs-endio', 'status': 'idle', 'cpu_percent': 0.0, 'memory_percent': 0.0}
---------------------------------------------------------------------
---------------------------------------------------------------------
{'username': 'root', 'pid': 20618, 'name': 'kworker/u48:6-btrfs-endio-meta', 'status': 'idle', 'cpu_percent': 0.0, 'memory_percent': 0.0}
---------------------------------------------------------------------
---------------------------------------------------------------------
{'username': 'root', 'pid': 21011, 'name': 'kworker/1:0-mm_percpu_wq', 'status': 'idle', 'cpu_percent': 0.0, 'memory_percent': 0.0}
---------------------------------------------------------------------
---------------------------------------------------------------------
{'username': 'root', 'pid': 21017, 'name': 'kworker/3:0-events', 'status': 'idle', 'cpu_percent': 0.0, 'memory_percent': 0.0}
---------------------------------------------------------------------
---------------------------------------------------------------------
{'username': 'root', 'pid': 21067, 'name': 'kworker/7:2-mm_percpu_wq', 'status': 'idle', 'cpu_percent': 0.0, 'memory_percent': 0.0}
---------------------------------------------------------------------
---------------------------------------------------------------------
{'username': 'root', 'pid': 21074, 'name': 'kworker/u48:0-btrfs-endio-write', 'status': 'idle', 'cpu_percent': 0.0, 'memory_percent': 0.0}
---------------------------------------------------------------------
---------------------------------------------------------------------
{'username': 'root', 'pid': 21099, 'name': 'kworker/u48:4-btrfs-endio-meta', 'status': 'idle', 'cpu_percent': 0.0, 'memory_percent': 0.0}
---------------------------------------------------------------------
---------------------------------------------------------------------
{'username': 'root', 'pid': 21159, 'name': 'kworker/7:1-events', 'status': 'idle', 'cpu_percent': 0.0, 'memory_percent': 0.0}
---------------------------------------------------------------------
---------------------------------------------------------------------
{'username': 'root', 'pid': 21176, 'name': 'kworker/10:0-events', 'status': 'idle', 'cpu_percent': 0.0, 'memory_percent': 0.0}
---------------------------------------------------------------------
---------------------------------------------------------------------
{'username': 'root', 'pid': 21183, 'name': 'kworker/u49:2-i915_flip', 'status': 'idle', 'cpu_percent': 0.0, 'memory_percent': 0.0}
---------------------------------------------------------------------
---------------------------------------------------------------------
{'username': 'rushi', 'pid': 21244, 'name': 'ptyxis', 'status': 'sleeping', 'cpu_percent': 0.0, 'memory_percent': 1.287466354177586}
---------------------------------------------------------------------
---------------------------------------------------------------------
{'username': 'rushi', 'pid': 21253, 'name': 'ptyxis-agent', 'status': 'sleeping', 'cpu_percent': 0.0, 'memory_percent': 0.04688336923805519}
---------------------------------------------------------------------
---------------------------------------------------------------------
{'username': 'rushi', 'pid': 21295, 'name': 'bash', 'status': 'sleeping', 'cpu_percent': 0.0, 'memory_percent': 0.036876246668566356}
---------------------------------------------------------------------
---------------------------------------------------------------------
{'username': 'rushi', 'pid': 21324, 'name': 'fish', 'status': 'sleeping', 'cpu_percent': 0.0, 'memory_percent': 0.09751940943966868}
---------------------------------------------------------------------
---------------------------------------------------------------------
{'username': 'root', 'pid': 21365, 'name': 'kworker/5:1-events', 'status': 'idle', 'cpu_percent': 0.0, 'memory_percent': 0.0}
---------------------------------------------------------------------
---------------------------------------------------------------------
{'username': 'root', 'pid': 21413, 'name': 'kworker/9:2-cgroup_free', 'status': 'idle', 'cpu_percent': 0.0, 'memory_percent': 0.0}
---------------------------------------------------------------------
---------------------------------------------------------------------
{'username': 'root', 'pid': 21414, 'name': 'kworker/6:2-cgroup_free', 'status': 'idle', 'cpu_percent': 0.0, 'memory_percent': 0.0}
---------------------------------------------------------------------
---------------------------------------------------------------------
{'username': 'root', 'pid': 21425, 'name': 'kworker/8:0', 'status': 'idle', 'cpu_percent': 0.0, 'memory_percent': 0.0}
---------------------------------------------------------------------
---------------------------------------------------------------------
{'username': 'root', 'pid': 21427, 'name': 'systemd-userwork:', 'status': 'sleeping', 'cpu_percent': 0.0, 'memory_percent': 0.03830226163471851}
---------------------------------------------------------------------
---------------------------------------------------------------------
{'username': 'root', 'pid': 21428, 'name': 'systemd-userwork:', 'status': 'sleeping', 'cpu_percent': 0.0, 'memory_percent': 0.03815215479617618}
---------------------------------------------------------------------
---------------------------------------------------------------------
{'username': 'root', 'pid': 21451, 'name': 'kworker/u48:5-btrfs-endio-write', 'status': 'idle', 'cpu_percent': 0.0, 'memory_percent': 0.0}
---------------------------------------------------------------------
---------------------------------------------------------------------
{'username': 'root', 'pid': 21452, 'name': 'kworker/u48:8', 'status': 'idle', 'cpu_percent': 0.0, 'memory_percent': 0.0}
---------------------------------------------------------------------
---------------------------------------------------------------------
{'username': 'root', 'pid': 21453, 'name': 'kworker/10:1-events', 'status': 'idle', 'cpu_percent': 0.0, 'memory_percent': 0.0}
---------------------------------------------------------------------
---------------------------------------------------------------------
{'username': 'root', 'pid': 21465, 'name': 'kworker/3:1-events_power_efficient', 'status': 'idle', 'cpu_percent': 0.0, 'memory_percent': 0.0}
---------------------------------------------------------------------
---------------------------------------------------------------------
{'username': 'rushi', 'pid': 21511, 'name': 'localsearch-extractor-3', 'status': 'sleeping', 'cpu_percent': 0.0, 'memory_percent': 0.3191521565474226}
---------------------------------------------------------------------
---------------------------------------------------------------------
{'username': 'root', 'pid': 21520, 'name': 'systemd-userwork:', 'status': 'sleeping', 'cpu_percent': 0.0, 'memory_percent': 0.0381771726025999}
---------------------------------------------------------------------
---------------------------------------------------------------------
{'username': 'rushi', 'pid': 21524, 'name': 'python3', 'status': 'running', 'cpu_percent': 0.0, 'memory_percent': 0.11425632193713876}
---------------------------------------------------------------------
--------------------------------------------------
------Marvellous Platform Survillence System------
--------------------------------------------------
Invalid number of arguments.
Unable to proceed as arguments are not passing.
Please use --h or --u flag for getting more details.
--------------------------------------------------
--- Thank you for using our Automation System ---
------Marvellous Platform Survillence System------
--------------------------------------------------
